temps (a),masse (g)
0.0,1.0
0.25,0.9724459457223398
0.5,0.9651264950393952
0.75,0.9404802946178551
1.0,0.9360614343429415
1.25,0.9207554620956877
1.5,0.8957109080493758
1.75,0.8989895909141453
2.0,0.8730393948908179
2.25,0.843880555746393
2.5,0.8460931751725311
